{
  "normalized_delta": {
    "train": {
      "n": 125641,
      "r2": 0.9977291745864038,
      "mae": 0.031993198303007175,
      "rmse": 0.047653178089394455,
      "bias": -0.004463555507711546,
      "median_ae": 0.02216482162475586,
      "p90_ae": 0.06988292932510376,
      "p95_ae": 0.09302937984466553,
      "p99_ae": 0.16100620627403303,
      "max_ae": 0.6544442176818848,
      "pred_min": -5.272734642028809,
      "pred_max": 4.457265377044678,
      "true_min": -5.405004501342773,
      "true_max": 4.6540093421936035,
      "negative_pred_pct": 41.933763659951765
    },
    "validation": {
      "n": 31411,
      "r2": 0.9976375164075408,
      "mae": 0.0324550634434942,
      "rmse": 0.04859656646828823,
      "bias": -0.004704637003509136,
      "median_ae": 0.022651195526123047,
      "p90_ae": 0.0698920488357544,
      "p95_ae": 0.09326273389160633,
      "p99_ae": 0.16451869010925294,
      "max_ae": 0.6066830158233643,
      "pred_min": -5.273198127746582,
      "pred_max": 4.459262847900391,
      "true_min": -5.400866985321045,
      "true_max": 4.696394920349121,
      "negative_pred_pct": 41.32310337143039
    },
    "all": {
      "n": 180035,
      "r2": 0.9897243918856444,
      "mae": 0.04150248310650779,
      "rmse": 0.1101297867847832,
      "bias": -0.012889811071310948,
      "median_ae": 0.02469402551651001,
      "p90_ae": 0.08062275648117066,
      "p95_ae": 0.1146994173526763,
      "p99_ae": 0.3035965394973757,
      "max_ae": 13.59779405593872,
      "pred_min": -5.882302284240723,
      "pred_max": 4.459262847900391,
      "true_min": -5.405004501342773,
      "true_max": 7.883740425109863,
      "negative_pred_pct": 46.47207487432999
    }
  },
  "physical_nut": {
    "train": {
      "n": 125641,
      "r2": 0.995140872556381,
      "mae": 0.178588922459135,
      "rmse": 0.2660043375970587,
      "bias": -0.024915901174085337,
      "median_ae": 0.12372598797082901,
      "p90_ae": 0.3900928497314453,
      "p95_ae": 0.5192984491586685,
      "p99_ae": 0.898751306533816,
      "max_ae": 3.653165817260742,
      "pred_min": -0.7087898254394531,
      "pred_max": 25.487308502197266,
      "true_min": -1.5982930438328594e-15,
      "true_max": 26.554658889770508,
      "negative_pred_pct": 5.300021489800304
    },
    "validation": {
      "n": 31411,
      "r2": 0.9949554606419533,
      "mae": 0.1811670900643667,
      "rmse": 0.2712704137877455,
      "bias": -0.026261643161478946,
      "median_ae": 0.12644100189208984,
      "p90_ae": 0.39014291763305664,
      "p95_ae": 0.5206010341644287,
      "p99_ae": 0.9183578848838807,
      "max_ae": 3.3865604400634766,
      "pred_min": -0.6942338943481445,
      "pred_max": 25.47292709350586,
      "true_min": -7.104859422009868e-16,
      "true_max": 26.796621322631836,
      "negative_pred_pct": 5.221100888223871
    },
    "all": {
      "n": 180035,
      "r2": 0.9719964590672182,
      "mae": 0.23167060072876955,
      "rmse": 0.6147543713048209,
      "bias": -0.07195202023495922,
      "median_ae": 0.1378445029258728,
      "p90_ae": 0.450043547153473,
      "p95_ae": 0.6402624547481532,
      "p99_ae": 1.694702607393266,
      "max_ae": 75.90411758422852,
      "pred_min": -3.534555435180664,
      "pred_max": 25.487308502197266,
      "true_min": -2.0183776575950904e-15,
      "true_max": 72.50174713134766,
      "negative_pred_pct": 7.211931013414058
    }
  },
  "validation_by_true_threshold": {
    "true_ge_0": {
      "n": 31369,
      "r2": 0.9949545690517644,
      "mae": 0.1812567578949814,
      "rmse": 0.2713668577811463,
      "bias": -0.02632366541581795,
      "median_ae": 0.12654294073581696,
      "p90_ae": 0.39027220979332927,
      "p95_ae": 0.5206663012504578,
      "p99_ae": 0.9185413742065428,
      "max_ae": 3.3865604400634766,
      "pred_min": -0.6942338943481445,
      "pred_max": 25.47292709350586,
      "true_min": 0.0,
      "true_max": 26.796621322631836,
      "negative_pred_pct": 5.161146354681374
    },
    "true_ge_0.5": {
      "n": 21393,
      "r2": 0.9942558218233096,
      "mae": 0.2061629637965078,
      "rmse": 0.30540755820006504,
      "bias": -0.06738891059317094,
      "median_ae": 0.1461186408996582,
      "p90_ae": 0.4400100946426389,
      "p95_ae": 0.5831536293029782,
      "p99_ae": 1.0058208847045895,
      "max_ae": 3.3865604400634766,
      "pred_min": -0.050240516662597656,
      "pred_max": 25.47292709350586,
      "true_min": 0.5000395178794861,
      "true_max": 26.796621322631836,
      "negative_pred_pct": 0.004674426214182209
    },
    "true_ge_1": {
      "n": 13442,
      "r2": 0.9908450461781866,
      "mae": 0.2419640252081487,
      "rmse": 0.35659731294240554,
      "bias": -0.0590425049588184,
      "median_ae": 0.17060637474060059,
      "p90_ae": 0.5192730903625488,
      "p95_ae": 0.6941879332065582,
      "p99_ae": 1.1688020920753481,
      "max_ae": 3.3865604400634766,
      "pred_min": 0.16739732027053833,
      "pred_max": 25.47292709350586,
      "true_min": 1.0001490116119385,
      "true_max": 26.796621322631836,
      "negative_pred_pct": 0.0
    },
    "true_ge_2": {
      "n": 11245,
      "r2": 0.9893427199275012,
      "mae": 0.22341828634602168,
      "rmse": 0.340119476186509,
      "bias": -0.027226644158098313,
      "median_ae": 0.15702342987060547,
      "p90_ae": 0.46725378036499043,
      "p95_ae": 0.6212724685668942,
      "p99_ae": 1.1743303871154784,
      "max_ae": 3.3865604400634766,
      "pred_min": 0.7366666793823242,
      "pred_max": 25.47292709350586,
      "true_min": 2.0004804134368896,
      "true_max": 26.796621322631836,
      "negative_pred_pct": 0.0
    },
    "true_ge_5": {
      "n": 8098,
      "r2": 0.9857033463845329,
      "mae": 0.21756284308745613,
      "rmse": 0.31276991905514656,
      "bias": -0.004263791457374292,
      "median_ae": 0.16081571578979492,
      "p90_ae": 0.4580338478088379,
      "p95_ae": 0.5945899009704589,
      "p99_ae": 0.9774167108535765,
      "max_ae": 3.3865604400634766,
      "pred_min": 3.210541248321533,
      "pred_max": 25.47292709350586,
      "true_min": 5.000085353851318,
      "true_max": 26.796621322631836,
      "negative_pred_pct": 0.0
    },
    "true_ge_10": {
      "n": 2180,
      "r2": 0.9592225505451446,
      "mae": 0.2539255474685529,
      "rmse": 0.3895136864884297,
      "bias": 0.052356659600494106,
      "median_ae": 0.18548154830932617,
      "p90_ae": 0.5170726776123049,
      "p95_ae": 0.7092707633972167,
      "p99_ae": 1.4160203933715843,
      "max_ae": 3.3865604400634766,
      "pred_min": 8.917567253112793,
      "pred_max": 25.47292709350586,
      "true_min": 10.000232696533203,
      "true_max": 26.796621322631836,
      "negative_pred_pct": 0.0
    },
    "true_ge_15": {
      "n": 176,
      "r2": 0.8607557962013289,
      "mae": 0.4009601527994329,
      "rmse": 0.6397212248221289,
      "bias": 0.0238484035838734,
      "median_ae": 0.24220943450927734,
      "p90_ae": 1.0394186973571777,
      "p95_ae": 1.3339014053344727,
      "p99_ae": 2.6679279804229736,
      "max_ae": 3.2150802612304688,
      "pred_min": 12.072081565856934,
      "pred_max": 25.47292709350586,
      "true_min": 15.0004243850708,
      "true_max": 26.796621322631836,
      "negative_pred_pct": 0.0
    }
  },
  "validation_by_ax_d": {
    "[-inf,0)": {
      "n": 4753,
      "r2": 0.3956890600972127,
      "mae": 0.24422425476915902,
      "rmse": 0.3772921392369118,
      "bias": -0.11439141790849,
      "median_ae": 0.16810643672943115,
      "p90_ae": 0.5176578760147096,
      "p95_ae": 0.7317121922969816,
      "p99_ae": 1.2254827332496605,
      "max_ae": 3.386094093322754,
      "pred_min": -0.47948387265205383,
      "pred_max": 1.9579830169677734,
      "true_min": -7.098343410132058e-19,
      "true_max": 4.7398481369018555,
      "negative_pred_pct": 2.545760572270145
    },
    "[0,1)": {
      "n": 2373,
      "r2": 0.3164710554916279,
      "mae": 0.17653007493827455,