{
  "normalized_delta": {
    "train": {
      "n": 125641,
      "r2": 0.9978576791960183,
      "mae": 0.031692672537323434,
      "rmse": 0.046285211182319326,
      "bias": -0.002346278978935785,
      "median_ae": 0.02277126908302307,
      "p90_ae": 0.06708046793937683,
      "p95_ae": 0.09052026271820068,
      "p99_ae": 0.1588311195373538,
      "max_ae": 0.6672638654708862,
      "pred_min": -5.222846984863281,
      "pred_max": 4.469354629516602,
      "true_min": -5.405004501342773,
      "true_max": 4.6540093421936035,
      "negative_pred_pct": 41.964008564083386
    },
    "validation": {
      "n": 31411,
      "r2": 0.9977702917384613,
      "mae": 0.03219278085295274,
      "rmse": 0.047211218204252905,
      "bias": -0.0027262344321669963,
      "median_ae": 0.022957533597946167,
      "p90_ae": 0.06870782375335693,
      "p95_ae": 0.09214380383491516,
      "p99_ae": 0.16224129721522346,
      "max_ae": 0.5759282112121582,
      "pred_min": -5.223018169403076,
      "pred_max": 4.469594478607178,
      "true_min": -5.400866985321045,
      "true_max": 4.696394920349121,
      "negative_pred_pct": 41.34538855814842
    },
    "all": {
      "n": 180035,
      "r2": 0.9895350166986979,
      "mae": 0.040660746509920506,
      "rmse": 0.111139976788296,
      "bias": -0.008989957329490731,
      "median_ae": 0.024698853492736816,
      "p90_ae": 0.07740573137998583,
      "p95_ae": 0.11289111003279682,
      "p99_ae": 0.2757362854480744,
      "max_ae": 13.74299430847168,
      "pred_min": -6.01401424407959,
      "pred_max": 4.469594478607178,
      "true_min": -5.405004501342773,
      "true_max": 7.883740425109863,
      "negative_pred_pct": 46.45485600022218
    }
  },
  "physical_nut": {
    "train": {
      "n": 125641,
      "r2": 0.9954158471770137,
      "mae": 0.1769113702923364,
      "rmse": 0.25836823435400336,
      "bias": -0.013097073861072188,
      "median_ae": 0.1271112561225891,
      "p90_ae": 0.3744492530822754,
      "p95_ae": 0.5052928924560547,
      "p99_ae": 0.8866096496582045,
      "max_ae": 3.7247257232666016,
      "pred_min": -0.6052517294883728,
      "pred_max": 25.52389907836914,
      "true_min": -1.5982930438328594e-15,
      "true_max": 26.554658889770508,
      "negative_pred_pct": 6.8106748593214
    },
    "validation": {
      "n": 31411,
      "r2": 0.9952389713638067,
      "mae": 0.17970301702698435,
      "rmse": 0.26353728609891935,
      "bias": -0.015218018364347888,
      "median_ae": 0.12815093994140625,
      "p90_ae": 0.38353322073817253,
      "p95_ae": 0.5143550634384155,
      "p99_ae": 0.9056456506252296,
      "max_ae": 3.2148828506469727,
      "pred_min": -0.5866191387176514,
      "pred_max": 25.53059959411621,
      "true_min": -7.104859422009868e-16,
      "true_max": 26.796621322631836,
      "negative_pred_pct": 6.561395689408169
    },
    "all": {
      "n": 180035,
      "r2": 0.9714803657119526,
      "mae": 0.22697196058041816,
      "rmse": 0.6203933398380312,
      "bias": -0.05018268396327609,
      "median_ae": 0.13787111639976501,
      "p90_ae": 0.43208594322204597,
      "p95_ae": 0.6301683187484739,
      "p99_ae": 1.5391850376129153,
      "max_ae": 76.71463775634766,
      "pred_min": -4.316293716430664,
      "pred_max": 25.53059959411621,
      "true_min": -2.0183776575950904e-15,
      "true_max": 72.50174713134766,
      "negative_pred_pct": 7.3724553559030195
    }
  },
  "validation_by_true_threshold": {
    "true_ge_0": {
      "n": 31369,
      "r2": 0.9952384406745014,
      "mae": 0.1797888341020359,
      "rmse": 0.2636223774359235,
      "bias": -0.015259139459828583,
      "median_ae": 0.12820249795913696,
      "p90_ae": 0.383634063601494,
      "p95_ae": 0.514398317039013,
      "p99_ae": 0.9053492760658263,
      "max_ae": 3.2148828506469727,
      "pred_min": -0.5866191387176514,
      "pred_max": 25.53059959411621,
      "true_min": 0.0,
      "true_max": 26.796621322631836,
      "negative_pred_pct": 6.487296375402467
    },
    "true_ge_0.5": {
      "n": 21393,
      "r2": 0.9950334058748151,
      "mae": 0.19025080364660868,
      "rmse": 0.28398484521482836,
      "bias": -0.05766228219321916,
      "median_ae": 0.13151836395263672,
      "p90_ae": 0.41115804910659787,
      "p95_ae": 0.5568831443786622,
      "p99_ae": 1.001733548641202,
      "max_ae": 3.2148828506469727,
      "pred_min": -0.007387042045593262,
      "pred_max": 25.53059959411621,
      "true_min": 0.5000395178794861,
      "true_max": 26.796621322631836,
      "negative_pred_pct": 0.004674426214182209
    },
    "true_ge_1": {
      "n": 13442,
      "r2": 0.99194831760216,
      "mae": 0.22813821116066318,
      "rmse": 0.3344208182170239,
      "bias": -0.07611944008629125,
      "median_ae": 0.1640622615814209,
      "p90_ae": 0.49310278892517084,
      "p95_ae": 0.656551110744476,
      "p99_ae": 1.1695341730117799,
      "max_ae": 3.2148828506469727,
      "pred_min": 0.21703267097473145,
      "pred_max": 25.53059959411621,
      "true_min": 1.0001490116119385,
      "true_max": 26.796621322631836,
      "negative_pred_pct": 0.0
    },
    "true_ge_2": {
      "n": 11245,
      "r2": 0.9905799871514042,
      "mae": 0.21261999619807492,
      "rmse": 0.31976730709640916,
      "bias": -0.048990219410073234,
      "median_ae": 0.15267515182495117,
      "p90_ae": 0.4409866333007813,
      "p95_ae": 0.5936628341674802,
      "p99_ae": 1.1985567474365202,
      "max_ae": 3.2148828506469727,
      "pred_min": 0.5619726181030273,
      "pred_max": 25.53059959411621,
      "true_min": 2.0004804134368896,
      "true_max": 26.796621322631836,
      "negative_pred_pct": 0.0
    },
    "true_ge_5": {
      "n": 8098,
      "r2": 0.9882575837296699,
      "mae": 0.20219141417122027,
      "rmse": 0.2834565625929617,
      "bias": -0.032012579528806706,
      "median_ae": 0.15287566184997559,
      "p90_ae": 0.42335066795349124,
      "p95_ae": 0.5473475694656372,
      "p99_ae": 0.9949563789367655,
      "max_ae": 2.2446961402893066,
      "pred_min": 3.3684864044189453,
      "pred_max": 25.53059959411621,
      "true_min": 5.000085353851318,
      "true_max": 26.796621322631836,
      "negative_pred_pct": 0.0
    },
    "true_ge_10": {
      "n": 2180,
      "r2": 0.9724598313232674,
      "mae": 0.22409903281325594,
      "rmse": 0.320107604314962,
      "bias": -0.04197773233466192,
      "median_ae": 0.16674137115478516,
      "p90_ae": 0.4644798278808594,
      "p95_ae": 0.6269971847534173,
      "p99_ae": 1.1714227294921877,
      "max_ae": 2.178593635559082,
      "pred_min": 9.05872631072998,
      "pred_max": 25.53059959411621,
      "true_min": 10.000232696533203,
      "true_max": 26.796621322631836,
      "negative_pred_pct": 0.0
    },
    "true_ge_15": {
      "n": 176,
      "r2": 0.9166586312388841,
      "mae": 0.34725471518256446,
      "rmse": 0.4949171591570792,
      "bias": -0.19233946908604016,
      "median_ae": 0.23195648193359375,
      "p90_ae": 0.8359756469726562,
      "p95_ae": 1.1082494258880615,
      "p99_ae": 1.4434826374053955,
      "max_ae": 2.178593635559082,
      "pred_min": 14.20358943939209,
      "pred_max": 25.53059959411621,
      "true_min": 15.0004243850708,
      "true_max": 26.796621322631836,
      "negative_pred_pct": 0.0
    }
  },
  "validation_by_ax_d": {
    "[-inf,0)": {
      "n": 4753,
      "r2": 0.4076850155532795,
      "mae": 0.24612826082942552,
      "rmse": 0.3735286244433654,
      "bias": -0.06256236393811056,
      "median_ae": 0.1631196141242981,
      "p90_ae": 0.5374633073806763,
      "p95_ae": 0.732358336448669,
      "p99_ae": 1.2601496475934968,
      "max_ae": 3.2148828506469727,
      "pred_min": -0.5866191387176514,
      "pred_max": 2.5526256561279297,
      "true_min": -7.098343410132058e-19,
      "true_max": 4.7398481369018555,
      "negative_pred_pct": 3.8501998737639385
    },
    "[0,1)": {
      "n": 2373,
      "r2": 0.22561189576047358,
      "mae": 0.18874024776601708,