{
  "normalized_delta": {
    "train": {
      "n": 127864,
      "r2": 0.9990928501572071,
      "mae": 0.02048778242039035,
      "rmse": 0.03011892821219235,
      "bias": 0.0004566677281133901,
      "median_ae": 0.014530666172504425,
      "p90_ae": 0.04456048011779785,
      "p95_ae": 0.058810085058212266,
      "p99_ae": 0.10228540301322915,
      "max_ae": 1.2288827896118164,
      "pred_min": -3.9214320182800293,
      "pred_max": 3.419980049133301,
      "true_min": -4.029496192932129,
      "true_max": 3.4421169757843018,
      "negative_pred_pct": 37.39129074641807
    },
    "validation": {
      "n": 31967,
      "r2": 0.9989786146734516,
      "mae": 0.02114848375281661,
      "rmse": 0.03208976007911743,
      "bias": 0.000323822304216692,
      "median_ae": 0.014797210693359375,
      "p90_ae": 0.04554684758186341,
      "p95_ae": 0.06124989390373229,
      "p99_ae": 0.10798106297850608,
      "max_ae": 1.1627857685089111,
      "pred_min": -3.9186582565307617,
      "pred_max": 3.4220495223999023,
      "true_min": -4.02269983291626,
      "true_max": 3.4269630908966064,
      "negative_pred_pct": 37.46050614696406
    },
    "all": {
      "n": 181496,
      "r2": 0.997327406629379,
      "mae": 0.024631102966835135,
      "rmse": 0.051624975630056365,
      "bias": -0.0011842320870886088,
      "median_ae": 0.0161408931016922,
      "p90_ae": 0.0515696182847023,
      "p95_ae": 0.07007396221160889,
      "p99_ae": 0.13593540191650383,
      "max_ae": 5.4778594970703125,
      "pred_min": -3.9214320182800293,
      "pred_max": 3.4220495223999023,
      "true_min": -4.029496192932129,
      "true_max": 3.4421169757843018,
      "negative_pred_pct": 42.055472296910125
    }
  },
  "physical_nut": {
    "train": {
      "n": 127864,
      "r2": 0.9953852674593218,
      "mae": 0.14611879994582544,
      "rmse": 0.21480809137440882,
      "bias": 0.003257031748565881,
      "median_ae": 0.10363136231899261,
      "p90_ae": 0.31780515909194945,
      "p95_ae": 0.4194324865937232,
      "p99_ae": 0.7294991672039016,
      "max_ae": 8.764388084411621,
      "pred_min": -0.4267702102661133,
      "pred_max": 20.733129501342773,
      "true_min": -2.1077370924315773e-15,
      "true_max": 20.891010284423828,
      "negative_pred_pct": 6.575736720265282
    },
    "validation": {
      "n": 31967,
      "r2": 0.9947749862210169,
      "mae": 0.15083091272172985,
      "rmse": 0.22886405166244844,
      "bias": 0.002309575222593843,
      "median_ae": 0.10553401708602905,
      "p90_ae": 0.32484029531478886,
      "p95_ae": 0.43683395385742185,
      "p99_ae": 0.7701216933131217,
      "max_ae": 8.292984962463379,
      "pred_min": -0.3603224754333496,
      "pred_max": 20.74666404724121,
      "true_min": -5.141442132472083e-15,
      "true_max": 20.781707763671875,
      "negative_pred_pct": 6.597428598241938
    },
    "all": {
      "n": 181496,
      "r2": 0.9854478892734007,
      "mae": 0.17566894884884907,
      "rmse": 0.3681891358991418,
      "bias": -0.00844585403220541,
      "median_ae": 0.11511727422475815,
      "p90_ae": 0.36779437214136124,
      "p95_ae": 0.4997672438621521,
      "p99_ae": 0.9694910287857051,
      "max_ae": 39.06807327270508,
      "pred_min": -0.4267702102661133,
      "pred_max": 20.74666404724121,
      "true_min": -6.353179091210352e-15,
      "true_max": 40.20831298828125,
      "negative_pred_pct": 7.518622999955922
    }
  },
  "baseline_rans": {
    "train": {
      "n": 127864,
      "r2": -7.0884255488177565,
      "mae": 6.213179534668124,
      "rmse": 8.993098801832067,
      "bias": 5.478179819475176,
      "median_ae": 2.951377749443054,
      "p90_ae": 14.917364159226418,
      "p95_ae": 16.271947559714317,
      "p99_ae": 32.47633253812789,
      "max_ae": 34.21653366088867,
      "pred_min": 0.004304565954953432,
      "pred_max": 34.26820755004883,
      "true_min": -2.1077370924315773e-15,
      "true_max": 20.891010284423828,
      "negative_pred_pct": 0.0
    },
    "validation": {
      "n": 31967,
      "r2": -7.120614746679069,
      "mae": 6.233301236886913,
      "rmse": 9.022529606535388,
      "bias": 5.488530750441542,
      "median_ae": 2.9774044901132584,
      "p90_ae": 14.890452760457993,
      "p95_ae": 16.194710966944694,
      "p99_ae": 32.60283342003822,
      "max_ae": 34.168060302734375,
      "pred_min": 0.004304590635001659,
      "pred_max": 34.26832962036133,
      "true_min": -5.141442132472083e-15,
      "true_max": 20.781707763671875,
      "negative_pred_pct": 0.0
    },
    "all": {
      "n": 181496,
      "r2": -8.248062521642494,
      "mae": 6.601273946806084,
      "rmse": 9.281824508747993,
      "bias": 5.952208336283417,
      "median_ae": 3.5393104553222656,
      "p90_ae": 15.003395408391953,
      "p95_ae": 16.57440260052681,
      "p99_ae": 32.36744406223297,
      "max_ae": 34.21653366088867,
      "pred_min": 0.004304565954953432,
      "pred_max": 34.26832962036133,
      "true_min": -6.353179091210352e-15,
      "true_max": 40.20831298828125,
      "negative_pred_pct": 0.0
    }
  },
  "validation_by_true_threshold": {
    "true_ge_0": {
      "n": 31894,
      "r2": 0.9947827023629828,
      "mae": 0.1507853849588576,
      "rmse": 0.22879834604066318,
      "bias": 0.002135879763680504,
      "median_ae": 0.10550892353057861,
      "p90_ae": 0.3247916251420975,
      "p95_ae": 0.4367148280143738,
      "p99_ae": 0.770110842436552,
      "max_ae": 8.292984962463379,
      "pred_min": -0.3603224754333496,
      "pred_max": 20.74666404724121,
      "true_min": 0.0,
      "true_max": 20.781707763671875,
      "negative_pred_pct": 6.499655107543739
    },
    "true_ge_0.5": {
      "n": 17836,
      "r2": 0.9932289030364909,
      "mae": 0.18012952195519313,
      "rmse": 0.27057872553083384,
      "bias": -0.04248688960822609,
      "median_ae": 0.1286223828792572,
      "p90_ae": 0.3809760808944702,
      "p95_ae": 0.5246151983737946,
      "p99_ae": 0.8657746493816383,
      "max_ae": 8.292984962463379,
      "pred_min": 0.04095888137817383,
      "pred_max": 20.74666404724121,
      "true_min": 0.5000343322753906,
      "true_max": 20.781707763671875,
      "negative_pred_pct": 0.0
    },
    "true_ge_1": {
      "n": 13150,
      "r2": 0.9899539400725368,
      "mae": 0.1900005233333138,
      "rmse": 0.29237616323863846,
      "bias": -0.01964165440077111,
      "median_ae": 0.13119792938232422,
      "p90_ae": 0.42023299932479863,
      "p95_ae": 0.5743888735771178,
      "p99_ae": 0.93690034866333,
      "max_ae": 8.292984962463379,
      "pred_min": 0.34426456689834595,
      "pred_max": 20.74666404724121,
      "true_min": 1.0000169277191162,
      "true_max": 20.781707763671875,
      "negative_pred_pct": 0.0
    },
    "true_ge_2": {
      "n": 11358,
      "r2": 0.9884683725725432,
      "mae": 0.17798849848463283,
      "rmse": 0.27996891572594496,
      "bias": 0.00220900719424834,
      "median_ae": 0.12599360942840576,
      "p90_ae": 0.3671138286590576,
      "p95_ae": 0.5079246282577512,
      "p99_ae": 0.9094826984405517,
      "max_ae": 8.292984962463379,
      "pred_min": 0.6879463195800781,
      "pred_max": 20.74666404724121,
      "true_min": 2.000234603881836,
      "true_max": 20.781707763671875,
      "negative_pred_pct": 0.0
    },
    "true_ge_5": {
      "n": 7088,
      "r2": 0.98240108120257,
      "mae": 0.17339220791046023,
      "rmse": 0.2630355145525172,
      "bias": 0.025001132663162784,
      "median_ae": 0.12813830375671387,
      "p90_ae": 0.364626693725586,
      "p95_ae": 0.49389252662658645,
      "p99_ae": 0.7785227060317993,
      "max_ae": 8.292984962463379,
      "pred_min": 0.9817276000976562,
      "pred_max": 20.74666404724121,
      "true_min": 5.000910758972168,
      "true_max": 20.781707763671875,
      "negative_pred_pct": 0.0
    },
    "true_ge_10": {
      "n": 902,
      "r2": 0.944566528176315,
      "mae": 0.23492187406958603,
      "rmse": 0.31669272162943973,